jet	Azul escuro	azul-escuro	101	modelos/jet/azul-escuro/jet-azul-escuro-1.jpg
jet	Azul escuro	azul-escuro	101	modelos/jet/azul-escuro/jet-azul-escuro-2.jpg
jet	Azul escuro	azul-escuro	101	modelos/jet/azul-escuro/jet-azul-escuro-3.jpg
jet	Azul escuro	azul-escuro	101	modelos/jet/azul-escuro/jet-azul-escuro-4.jpg
jet	Azul escuro	azul-escuro	101	modelos/jet/azul-escuro/jet-azul-escuro-5.jpg
jet	Azul escuro	azul-escuro	101	modelos/jet/azul-escuro/jet-azul-escuro-6.jpg
jet	Branco	branco	33	modelos/jet/branco/jet-branco-1.jpg
jet	Branco	branco	33	modelos/jet/branco/jet-branco-2.jpg
jet	Branco	branco	33	modelos/jet/branco/jet-branco-3.jpg
jet	Branco	branco	33	modelos/jet/branco/jet-branco-4.jpg
jet	Branco	branco	33	modelos/jet/branco/jet-branco-5.jpg
jet	Branco	branco	33	modelos/jet/branco/jet-branco-6.jpg
jet	Preto	preto	29	modelos/jet/preto/jet-preto-1.jpg
jet	Preto	preto	29	modelos/jet/preto/jet-preto-2.jpg
jet	Preto	preto	29	modelos/jet/preto/jet-preto-3.jpg
jet	Preto	preto	29	modelos/jet/preto/jet-preto-4.jpg
jet	Preto	preto	29	modelos/jet/preto/jet-preto-5.jpg
jet	Preto	preto	29	modelos/jet/preto/jet-preto-6.jpg
jet	Preto	preto	29	modelos/jet/preto/jet-preto-7.jpg
jet	Preto	preto	29	modelos/jet/preto/jet-preto-8.jpg
jet	Cinza	cinza	303	modelos/jet/cinza/jet-cinza-1.jpg
jet	Cinza	cinza	303	modelos/jet/cinza/jet-cinza-2.jpg
jet	Cinza	cinza	303	modelos/jet/cinza/jet-cinza-3.jpg
jet	Cinza	cinza	303	modelos/jet/cinza/jet-cinza-4.jpg
jet	Cinza	cinza	303	modelos/jet/cinza/jet-cinza-5.jpg
jet	Cinza	cinza	303	modelos/jet/cinza/jet-cinza-6.jpg
bob	Cinza	cinza	273	modelos/bob/cinza/bob-cinza-1.jpg
bob	Cinza	cinza	273	modelos/bob/cinza/bob-cinza-2.jpg
bob	Cinza	cinza	273	modelos/bob/cinza/bob-cinza-3.jpg
bob	Cinza	cinza	273	modelos/bob/cinza/bob-cinza-4.jpg
bob	Cinza	cinza	273	modelos/bob/cinza/bob-cinza-5.jpg
bob	Cinza	cinza	273	modelos/bob/cinza/bob-cinza-6.jpg
bob	Cinza	cinza	273	modelos/bob/cinza/bob-cinza-7.jpg
bob	Cinza	cinza	273	modelos/bob/cinza/bob-cinza-8.jpg
bob	Cinza	cinza	273	modelos/bob/cinza/bob-cinza-9.jpg
bob	Preto	preto	277	modelos/bob/preto/bob-preto-1.jpg
bob	Preto	preto	277	modelos/bob/preto/bob-preto-2.jpg
bob	Preto	preto	277	modelos/bob/preto/bob-preto-3.jpg
bob	Preto	preto	277	modelos/bob/preto/bob-preto-4.jpg
bob	Preto	preto	277	modelos/bob/preto/bob-preto-5.jpg
bob	Preto	preto	277	modelos/bob/preto/bob-preto-6.jpg
bob	Preto	preto	277	modelos/bob/preto/bob-preto-7.jpg
bob	Preto	preto	277	modelos/bob/preto/bob-preto-8.jpg
bob	Preto	preto	277	modelos/bob/preto/bob-preto-9.jpg
bob	Preto	preto	277	modelos/bob/preto/bob-preto-10.jpg
bob	Branco	branco	275	modelos/bob/branco/bob-branco-1.jpg
bob	Branco	branco	275	modelos/bob/branco/bob-branco-2.jpg
bob	Branco	branco	275	modelos/bob/branco/bob-branco-3.jpg
bob	Branco	branco	275	modelos/bob/branco/bob-branco-4.jpg
bob	Branco	branco	275	modelos/bob/branco/bob-branco-5.jpg
bob	Branco	branco	275	modelos/bob/branco/bob-branco-6.jpg
bob	Branco	branco	275	modelos/bob/branco/bob-branco-7.jpg
bob	Branco	branco	275	modelos/bob/branco/bob-branco-8.jpg
bob	Branco	branco	275	modelos/bob/branco/bob-branco-9.jpg
big-tri	Preto	preto	177	modelos/big-tri/preto/big-tri-preto-1.jpg
big-tri	Preto	preto	177	modelos/big-tri/preto/big-tri-preto-2.jpg
big-tri	Preto	preto	177	modelos/big-tri/preto/big-tri-preto-3.jpg
big-tri	Preto	preto	177	modelos/big-tri/preto/big-tri-preto-4.jpg
big-tri	Preto	preto	177	modelos/big-tri/preto/big-tri-preto-5.jpg
big-tri	Preto	preto	177	modelos/big-tri/preto/big-tri-preto-6.jpg
big-tri	Preto	preto	177	modelos/big-tri/preto/big-tri-preto-7.jpg
big-tri	Preto	preto	177	modelos/big-tri/preto/big-tri-preto-8.jpg
big-tri	Preto	preto	177	modelos/big-tri/preto/big-tri-preto-9.jpg
big-tri	Preto	preto	177	modelos/big-tri/preto/big-tri-preto-10.jpg
big-tri	Preto	preto	177	modelos/big-tri/preto/big-tri-preto-11.jpg
big-tri	Cinza claro	cinza-claro	309	modelos/big-tri/cinza-claro/big-tri-cinza-claro-1.jpg
big-tri	Cinza claro	cinza-claro	309	modelos/big-tri/cinza-claro/big-tri-cinza-claro-2.jpg
big-tri	Cinza claro	cinza-claro	309	modelos/big-tri/cinza-claro/big-tri-cinza-claro-3.jpg
big-tri	Cinza claro	cinza-claro	309	modelos/big-tri/cinza-claro/big-tri-cinza-claro-4.jpg
big-tri	Cinza claro	cinza-claro	309	modelos/big-tri/cinza-claro/big-tri-cinza-claro-5.jpg
big-tri	Cinza claro	cinza-claro	309	modelos/big-tri/cinza-claro/big-tri-cinza-claro-6.jpg
big-tri	Cinza claro	cinza-claro	309	modelos/big-tri/cinza-claro/big-tri-cinza-claro-7.jpg
big-tri	Cinza claro	cinza-claro	309	modelos/big-tri/cinza-claro/big-tri-cinza-claro-8.jpg
big-tri	Cinza claro	cinza-claro	309	modelos/big-tri/cinza-claro/big-tri-cinza-claro-9.jpg
big-tri	Cinza claro	cinza-claro	309	modelos/big-tri/cinza-claro/big-tri-cinza-claro-10.jpg
big-tri	Cinza claro	cinza-claro	309	modelos/big-tri/cinza-claro/big-tri-cinza-claro-11.jpg
mia-tri	Azul	azul	271	modelos/mia-tri/azul/mia-tri-azul-1.jpg
mia-tri	Azul	azul	271	modelos/mia-tri/azul/mia-tri-azul-2.jpg
mia-tri	Azul	azul	271	modelos/mia-tri/azul/mia-tri-azul-3.jpg
mia-tri	Azul	azul	271	modelos/mia-tri/azul/mia-tri-azul-4.jpg
mia-tri	Azul	azul	271	modelos/mia-tri/azul/mia-tri-azul-5.jpg
mia-tri	Azul	azul	271	modelos/mia-tri/azul/mia-tri-azul-6.jpg
mia-tri	Azul	azul	271	modelos/mia-tri/azul/mia-tri-azul-7.jpg
mia-tri	Azul	azul	271	modelos/mia-tri/azul/mia-tri-azul-8.jpg
mia-tri	Azul	azul	271	modelos/mia-tri/azul/mia-tri-azul-9.jpg
mia-tri	Azul	azul	271	modelos/mia-tri/azul/mia-tri-azul-10.jpg
mia-tri	Vermelho	vermelho	181	modelos/mia-tri/vermelho/mia-tri-vermelho-1.jpg
mia-tri	Vermelho	vermelho	181	modelos/mia-tri/vermelho/mia-tri-vermelho-2.jpg
mia-tri	Vermelho	vermelho	181	modelos/mia-tri/vermelho/mia-tri-vermelho-3.jpg
mia-tri	Vermelho	vermelho	181	modelos/mia-tri/vermelho/mia-tri-vermelho-4.jpg
mia-tri	Vermelho	vermelho	181	modelos/mia-tri/vermelho/mia-tri-vermelho-5.jpg
mia-tri	Vermelho	vermelho	181	modelos/mia-tri/vermelho/mia-tri-vermelho-6.jpg
mia-tri	Vermelho	vermelho	181	modelos/mia-tri/vermelho/mia-tri-vermelho-7.jpg
mia-tri	Vermelho	vermelho	181	modelos/mia-tri/vermelho/mia-tri-vermelho-8.jpg
mia-tri	Vermelho	vermelho	181	modelos/mia-tri/vermelho/mia-tri-vermelho-9.jpg
mia-tri	Vermelho	vermelho	181	modelos/mia-tri/vermelho/mia-tri-vermelho-10.jpg
mia-tri	Vermelho	vermelho	181	modelos/mia-tri/vermelho/mia-tri-vermelho-11.jpg
mia-tri	Preto	preto	145	modelos/mia-tri/preto/mia-tri-preto-1.jpg
mia-tri	Preto	preto	145	modelos/mia-tri/preto/mia-tri-preto-2.jpg
mia-tri	Preto	preto	145	modelos/mia-tri/preto/mia-tri-preto-3.jpg
mia-tri	Preto	preto	145	modelos/mia-tri/preto/mia-tri-preto-4.jpg
mia-tri	Preto	preto	145	modelos/mia-tri/preto/mia-tri-preto-5.jpg
mia-tri	Preto	preto	145	modelos/mia-tri/preto/mia-tri-preto-6.jpg
mia-tri	Branco	branco	147	modelos/mia-tri/branco/mia-tri-branco-1.jpg
mia-tri	Branco	branco	147	modelos/mia-tri/branco/mia-tri-branco-2.jpg
mia-tri	Branco	branco	147	modelos/mia-tri/branco/mia-tri-branco-3.jpg
mia-tri	Branco	branco	147	modelos/mia-tri/branco/mia-tri-branco-4.jpg
mia-tri	Branco	branco	147	modelos/mia-tri/branco/mia-tri-branco-5.jpg
mia-tri	Branco	branco	147	modelos/mia-tri/branco/mia-tri-branco-6.jpg
mia-tri	Branco	branco	147	modelos/mia-tri/branco/mia-tri-branco-7.jpg
soma	Branco	branco	151	modelos/soma/branco/soma-branco-1.jpg
soma	Branco	branco	151	modelos/soma/branco/soma-branco-2.jpg
soma	Branco	branco	151	modelos/soma/branco/soma-branco-3.jpg
soma	Branco	branco	151	modelos/soma/branco/soma-branco-4.jpg
soma	Branco	branco	151	modelos/soma/branco/soma-branco-5.jpg
soma	Branco	branco	151	modelos/soma/branco/soma-branco-6.jpg
soma	Cinza	cinza	153	modelos/soma/cinza/soma-cinza-1.jpg
soma	Cinza	cinza	153	modelos/soma/cinza/soma-cinza-2.jpg
soma	Cinza	cinza	153	modelos/soma/cinza/soma-cinza-3.jpg
soma	Cinza	cinza	153	modelos/soma/cinza/soma-cinza-4.jpg
soma	Cinza	cinza	153	modelos/soma/cinza/soma-cinza-5.jpg
soma	Cinza	cinza	153	modelos/soma/cinza/soma-cinza-6.jpg
soma	Preto	preto	155	modelos/soma/preto/soma-preto-1.jpg
soma	Preto	preto	155	modelos/soma/preto/soma-preto-2.jpg
soma	Preto	preto	155	modelos/soma/preto/soma-preto-3.jpg
soma	Preto	preto	155	modelos/soma/preto/soma-preto-4.jpg
soma	Preto	preto	155	modelos/soma/preto/soma-preto-5.jpg
soma	Preto	preto	155	modelos/soma/preto/soma-preto-6.jpg
jet-max	Preto	preto	317	modelos/jet-max/preto/jet-max-preto-1.jpg
jet-max	Preto	preto	317	modelos/jet-max/preto/jet-max-preto-2.jpg
jet-max	Preto	preto	317	modelos/jet-max/preto/jet-max-preto-3.jpg
jet-max	Preto	preto	317	modelos/jet-max/preto/jet-max-preto-4.jpg
jet-max	Preto	preto	317	modelos/jet-max/preto/jet-max-preto-5.jpg
jet-max	Preto	preto	317	modelos/jet-max/preto/jet-max-preto-6.jpg
jet-max	Preto	preto	317	modelos/jet-max/preto/jet-max-preto-7.jpg
jet-max	Branco	branco	319	modelos/jet-max/branco/jet-max-branco-1.jpg
jet-max	Branco	branco	319	modelos/jet-max/branco/jet-max-branco-2.jpg
jet-max	Branco	branco	319	modelos/jet-max/branco/jet-max-branco-3.jpg
jet-max	Branco	branco	319	modelos/jet-max/branco/jet-max-branco-4.jpg
jet-max	Branco	branco	319	modelos/jet-max/branco/jet-max-branco-5.jpg
jet-max	Branco	branco	319	modelos/jet-max/branco/jet-max-branco-6.jpg
jet-max	Branco	branco	319	modelos/jet-max/branco/jet-max-branco-7.jpg
jet-max	Azul escuro	azul-escuro	321	modelos/jet-max/azul-escuro/jet-max-azul-escuro-1.jpg
jet-max	Azul escuro	azul-escuro	321	modelos/jet-max/azul-escuro/jet-max-azul-escuro-2.jpg
jet-max	Azul escuro	azul-escuro	321	modelos/jet-max/azul-escuro/jet-max-azul-escuro-3.jpg
jet-max	Azul escuro	azul-escuro	321	modelos/jet-max/azul-escuro/jet-max-azul-escuro-4.jpg
jet-max	Azul escuro	azul-escuro	321	modelos/jet-max/azul-escuro/jet-max-azul-escuro-5.jpg
jet-max	Azul escuro	azul-escuro	321	modelos/jet-max/azul-escuro/jet-max-azul-escuro-6.jpg
jet-max	Azul escuro	azul-escuro	321	modelos/jet-max/azul-escuro/jet-max-azul-escuro-7.jpg
jet-max	Vermelho escuro	vermelho-escuro	325	modelos/jet-max/vermelho-escuro/jet-max-vermelho-escuro-1.jpg
jet-max	Vermelho escuro	vermelho-escuro	325	modelos/jet-max/vermelho-escuro/jet-max-vermelho-escuro-2.jpg
jet-max	Vermelho escuro	vermelho-escuro	325	modelos/jet-max/vermelho-escuro/jet-max-vermelho-escuro-3.jpg
jet-max	Vermelho escuro	vermelho-escuro	325	modelos/jet-max/vermelho-escuro/jet-max-vermelho-escuro-4.jpg
jet-max	Vermelho escuro	vermelho-escuro	325	modelos/jet-max/vermelho-escuro/jet-max-vermelho-escuro-5.jpg
jet-max	Vermelho escuro	vermelho-escuro	325	modelos/jet-max/vermelho-escuro/jet-max-vermelho-escuro-6.jpg
jet-max	Vermelho escuro	vermelho-escuro	325	modelos/jet-max/vermelho-escuro/jet-max-vermelho-escuro-7.jpg
jet-max	Cinza claro	cinza-claro	345	modelos/jet-max/cinza-claro/jet-max-cinza-claro-1.jpg
jet-max	Cinza claro	cinza-claro	345	modelos/jet-max/cinza-claro/jet-max-cinza-claro-2.jpg
jet-max	Cinza claro	cinza-claro	345	modelos/jet-max/cinza-claro/jet-max-cinza-claro-3.jpg
jet-max	Cinza claro	cinza-claro	345	modelos/jet-max/cinza-claro/jet-max-cinza-claro-4.jpg
jet-max	Cinza claro	cinza-claro	345	modelos/jet-max/cinza-claro/jet-max-cinza-claro-5.jpg
jet-max	Cinza claro	cinza-claro	345	modelos/jet-max/cinza-claro/jet-max-cinza-claro-6.jpg
jet-max	Cinza claro	cinza-claro	345	modelos/jet-max/cinza-claro/jet-max-cinza-claro-7.jpg
pitica	Branco	branco	339	modelos/pitica/branco/pitica-branco-1.jpg
pitica	Branco	branco	339	modelos/pitica/branco/pitica-branco-2.jpg
pitica	Branco	branco	339	modelos/pitica/branco/pitica-branco-3.jpg
pitica	Branco	branco	339	modelos/pitica/branco/pitica-branco-4.jpg
pitica	Branco	branco	339	modelos/pitica/branco/pitica-branco-5.jpg
pitica	Branco	branco	339	modelos/pitica/branco/pitica-branco-6.jpg
pitica	Branco	branco	339	modelos/pitica/branco/pitica-branco-7.jpg
pitica	Branco	branco	339	modelos/pitica/branco/pitica-branco-8.jpg
pitica	Preto	preto	341	modelos/pitica/preto/pitica-preto-1.jpg
pitica	Preto	preto	341	modelos/pitica/preto/pitica-preto-2.jpg
pitica	Preto	preto	341	modelos/pitica/preto/pitica-preto-3.jpg
pitica	Preto	preto	341	modelos/pitica/preto/pitica-preto-4.jpg
pitica	Preto	preto	341	modelos/pitica/preto/pitica-preto-5.jpg
pitica	Preto	preto	341	modelos/pitica/preto/pitica-preto-6.jpg
pitica	Preto	preto	341	modelos/pitica/preto/pitica-preto-7.jpg
pitica	Preto	preto	341	modelos/pitica/preto/pitica-preto-8.jpg
pitica	Cinza claro	cinza-claro	343	modelos/pitica/cinza-claro/pitica-cinza-claro-1.jpg
pitica	Cinza claro	cinza-claro	343	modelos/pitica/cinza-claro/pitica-cinza-claro-2.jpg
pitica	Cinza claro	cinza-claro	343	modelos/pitica/cinza-claro/pitica-cinza-claro-3.jpg
pitica	Cinza claro	cinza-claro	343	modelos/pitica/cinza-claro/pitica-cinza-claro-4.jpg
pitica	Cinza claro	cinza-claro	343	modelos/pitica/cinza-claro/pitica-cinza-claro-5.jpg
pitica	Cinza claro	cinza-claro	343	modelos/pitica/cinza-claro/pitica-cinza-claro-6.jpg
pitica	Cinza claro	cinza-claro	343	modelos/pitica/cinza-claro/pitica-cinza-claro-7.jpg
pitica	Cinza claro	cinza-claro	343	modelos/pitica/cinza-claro/pitica-cinza-claro-8.jpg
x15	Cinza	cinza	167	modelos/x15/cinza/x15-cinza-1.jpg
x15	Cinza	cinza	167	modelos/x15/cinza/x15-cinza-2.jpg
x15	Cinza	cinza	167	modelos/x15/cinza/x15-cinza-3.jpg
x15	Cinza	cinza	167	modelos/x15/cinza/x15-cinza-4.jpg
x15	Cinza	cinza	167	modelos/x15/cinza/x15-cinza-5.jpg
x15	Cinza	cinza	167	modelos/x15/cinza/x15-cinza-6.jpg
x15	Cinza	cinza	167	modelos/x15/cinza/x15-cinza-7.jpg
x15	Preto	preto	63	modelos/x15/preto/x15-preto-1.jpg
x15	Preto	preto	63	modelos/x15/preto/x15-preto-2.jpg
x15	Preto	preto	63	modelos/x15/preto/x15-preto-3.jpg
x15	Preto	preto	63	modelos/x15/preto/x15-preto-4.jpg
x15	Preto	preto	63	modelos/x15/preto/x15-preto-5.jpg
x15	Preto	preto	63	modelos/x15/preto/x15-preto-6.jpg
x15	Preto	preto	63	modelos/x15/preto/x15-preto-7.jpg
x15	Branco	branco	59	modelos/x15/branco/x15-branco-1.jpg
x15	Branco	branco	59	modelos/x15/branco/x15-branco-2.jpg
x15	Branco	branco	59	modelos/x15/branco/x15-branco-3.jpg
x15	Branco	branco	59	modelos/x15/branco/x15-branco-4.jpg
x15	Branco	branco	59	modelos/x15/branco/x15-branco-5.jpg
x15	Branco	branco	59	modelos/x15/branco/x15-branco-6.jpg
x15	Branco	branco	59	modelos/x15/branco/x15-branco-7.jpg
x12	Azul	azul	253	modelos/x12/azul/x12-azul-1.jpg
x12	Azul	azul	253	modelos/x12/azul/x12-azul-2.jpg
x12	Azul	azul	253	modelos/x12/azul/x12-azul-3.jpg
x12	Azul	azul	253	modelos/x12/azul/x12-azul-4.jpg
x12	Azul	azul	253	modelos/x12/azul/x12-azul-5.jpg
x12	Azul	azul	253	modelos/x12/azul/x12-azul-6.jpg
x12	Azul	azul	253	modelos/x12/azul/x12-azul-7.jpg
x12	Azul	azul	253	modelos/x12/azul/x12-azul-8.jpg
x12	Azul	azul	253	modelos/x12/azul/x12-azul-9.jpg
x12	Azul	azul	253	modelos/x12/azul/x12-azul-10.jpg
x12	Azul	azul	253	modelos/x12/azul/x12-azul-11.jpg
x12	Azul	azul	253	modelos/x12/azul/x12-azul-12.jpg
x12	Azul escuro	azul-escuro	183	modelos/x12/azul-escuro/x12-azul-escuro-1.jpg
x12	Azul escuro	azul-escuro	183	modelos/x12/azul-escuro/x12-azul-escuro-2.jpg
x12	Azul escuro	azul-escuro	183	modelos/x12/azul-escuro/x12-azul-escuro-3.jpg
x12	Azul escuro	azul-escuro	183	modelos/x12/azul-escuro/x12-azul-escuro-4.jpg
x12	Azul escuro	azul-escuro	183	modelos/x12/azul-escuro/x12-azul-escuro-5.jpg
x12	Azul escuro	azul-escuro	183	modelos/x12/azul-escuro/x12-azul-escuro-6.jpg
x12	Azul escuro	azul-escuro	183	modelos/x12/azul-escuro/x12-azul-escuro-7.jpg
x12	Azul escuro	azul-escuro	183	modelos/x12/azul-escuro/x12-azul-escuro-8.jpg
x12	Azul escuro	azul-escuro	183	modelos/x12/azul-escuro/x12-azul-escuro-9.jpg
x12	Azul escuro	azul-escuro	183	modelos/x12/azul-escuro/x12-azul-escuro-10.jpg
x12	Azul escuro	azul-escuro	183	modelos/x12/azul-escuro/x12-azul-escuro-11.jpg
x12	Azul escuro	azul-escuro	183	modelos/x12/azul-escuro/x12-azul-escuro-12.jpg
x12	Azul escuro	azul-escuro	183	modelos/x12/azul-escuro/x12-azul-escuro-13.jpg
x12	Azul escuro	azul-escuro	183	modelos/x12/azul-escuro/x12-azul-escuro-14.jpg
x12	Vermelho escuro	vermelho-escuro	89	modelos/x12/vermelho-escuro/x12-vermelho-escuro-1.jpg
x12	Vermelho escuro	vermelho-escuro	89	modelos/x12/vermelho-escuro/x12-vermelho-escuro-2.jpg
x12	Vermelho escuro	vermelho-escuro	89	modelos/x12/vermelho-escuro/x12-vermelho-escuro-3.jpg
x12	Vermelho escuro	vermelho-escuro	89	modelos/x12/vermelho-escuro/x12-vermelho-escuro-4.jpg
x12	Vermelho escuro	vermelho-escuro	89	modelos/x12/vermelho-escuro/x12-vermelho-escuro-5.jpg
x12	Vermelho escuro	vermelho-escuro	89	modelos/x12/vermelho-escuro/x12-vermelho-escuro-6.jpg
x12	Vermelho escuro	vermelho-escuro	89	modelos/x12/vermelho-escuro/x12-vermelho-escuro-7.jpg
x12	Vermelho escuro	vermelho-escuro	89	modelos/x12/vermelho-escuro/x12-vermelho-escuro-8.jpg
x12	Vermelho escuro	vermelho-escuro	89	modelos/x12/vermelho-escuro/x12-vermelho-escuro-9.jpg
x12	Vermelho escuro	vermelho-escuro	89	modelos/x12/vermelho-escuro/x12-vermelho-escuro-10.jpg
x12	Vermelho escuro	vermelho-escuro	89	modelos/x12/vermelho-escuro/x12-vermelho-escuro-11.jpg
x12	Cinza	cinza	85	modelos/x12/cinza/x12-cinza-1.jpg
x12	Cinza	cinza	85	modelos/x12/cinza/x12-cinza-2.jpg
x12	Cinza	cinza	85	modelos/x12/cinza/x12-cinza-3.jpg
x12	Cinza	cinza	85	modelos/x12/cinza/x12-cinza-4.jpg
x12	Cinza	cinza	85	modelos/x12/cinza/x12-cinza-5.jpg
x12	Cinza	cinza	85	modelos/x12/cinza/x12-cinza-6.jpg
x12	Cinza	cinza	85	modelos/x12/cinza/x12-cinza-7.jpg
x12	Cinza	cinza	85	modelos/x12/cinza/x12-cinza-8.jpg
x12	Cinza	cinza	85	modelos/x12/cinza/x12-cinza-9.jpg
x12	Cinza	cinza	85	modelos/x12/cinza/x12-cinza-10.jpg
x12	Branco	branco	83	modelos/x12/branco/x12-branco-1.jpg
x12	Branco	branco	83	modelos/x12/branco/x12-branco-2.jpg
x12	Branco	branco	83	modelos/x12/branco/x12-branco-3.jpg
x12	Branco	branco	83	modelos/x12/branco/x12-branco-4.jpg
x12	Branco	branco	83	modelos/x12/branco/x12-branco-5.jpg
x12	Branco	branco	83	modelos/x12/branco/x12-branco-6.jpg
x12	Branco	branco	83	modelos/x12/branco/x12-branco-7.jpg
x12	Branco	branco	83	modelos/x12/branco/x12-branco-8.jpg
x12	Branco	branco	83	modelos/x12/branco/x12-branco-9.jpg
x12	Branco	branco	83	modelos/x12/branco/x12-branco-10.jpg
x12	Branco	branco	83	modelos/x12/branco/x12-branco-11.jpg
x12	Branco	branco	83	modelos/x12/branco/x12-branco-12.jpg
x12	Preto	preto	81	modelos/x12/preto/x12-preto-1.jpg
x12	Preto	preto	81	modelos/x12/preto/x12-preto-2.jpg
x12	Preto	preto	81	modelos/x12/preto/x12-preto-3.jpg
x12	Preto	preto	81	modelos/x12/preto/x12-preto-4.jpg
x12	Preto	preto	81	modelos/x12/preto/x12-preto-5.jpg
x12	Preto	preto	81	modelos/x12/preto/x12-preto-6.jpg
x12	Preto	preto	81	modelos/x12/preto/x12-preto-7.jpg
x12	Preto	preto	81	modelos/x12/preto/x12-preto-8.jpg
x12	Preto	preto	81	modelos/x12/preto/x12-preto-9.jpg
x12	Preto	preto	81	modelos/x12/preto/x12-preto-10.jpg
x12	Preto	preto	81	modelos/x12/preto/x12-preto-11.jpg
x12	Preto	preto	81	modelos/x12/preto/x12-preto-12.jpg
x12	Preto	preto	81	modelos/x12/preto/x12-preto-13.jpg
x12	Preto	preto	81	modelos/x12/preto/x12-preto-14.jpg
ret	Branco	branco	247	modelos/ret/branco/ret-branco-1.jpg
ret	Branco	branco	247	modelos/ret/branco/ret-branco-2.jpg
ret	Branco	branco	247	modelos/ret/branco/ret-branco-3.jpg
ret	Branco	branco	247	modelos/ret/branco/ret-branco-4.jpg
ret	Branco	branco	247	modelos/ret/branco/ret-branco-5.jpg
ret	Branco	branco	247	modelos/ret/branco/ret-branco-6.jpg
ret	Branco	branco	247	modelos/ret/branco/ret-branco-7.jpg
ret	Branco	branco	247	modelos/ret/branco/ret-branco-8.jpg
ret	Branco	branco	247	modelos/ret/branco/ret-branco-9.jpg
ret	Branco	branco	247	modelos/ret/branco/ret-branco-10.jpg
ret	Cinza	cinza	249	modelos/ret/cinza/ret-cinza-1.jpg
ret	Cinza	cinza	249	modelos/ret/cinza/ret-cinza-2.jpg
ret	Cinza	cinza	249	modelos/ret/cinza/ret-cinza-3.jpg
ret	Cinza	cinza	249	modelos/ret/cinza/ret-cinza-4.jpg
ret	Cinza	cinza	249	modelos/ret/cinza/ret-cinza-5.jpg
ret	Cinza	cinza	249	modelos/ret/cinza/ret-cinza-6.jpg
ret	Cinza	cinza	249	modelos/ret/cinza/ret-cinza-7.jpg
ret	Cinza	cinza	249	modelos/ret/cinza/ret-cinza-8.jpg
ret	Cinza	cinza	249	modelos/ret/cinza/ret-cinza-9.jpg
ret	Cinza	cinza	249	modelos/ret/cinza/ret-cinza-10.jpg
ret	Cinza	cinza	249	modelos/ret/cinza/ret-cinza-11.jpg
ret	Cinza	cinza	249	modelos/ret/cinza/ret-cinza-12.jpg
ret	Preto	preto	251	modelos/ret/preto/ret-preto-1.jpg
ret	Preto	preto	251	modelos/ret/preto/ret-preto-2.jpg
ret	Preto	preto	251	modelos/ret/preto/ret-preto-3.jpg
ret	Preto	preto	251	modelos/ret/preto/ret-preto-4.jpg
ret	Preto	preto	251	modelos/ret/preto/ret-preto-5.jpg
ret	Preto	preto	251	modelos/ret/preto/ret-preto-6.jpg
ret	Preto	preto	251	modelos/ret/preto/ret-preto-7.jpg
ret	Preto	preto	251	modelos/ret/preto/ret-preto-8.jpg
ret	Preto	preto	251	modelos/ret/preto/ret-preto-9.jpg
ret	Preto	preto	251	modelos/ret/preto/ret-preto-10.jpg
ret	Azul	azul	179	modelos/ret/azul/ret-azul-1.jpg
ret	Azul	azul	179	modelos/ret/azul/ret-azul-2.jpg
mia	Azul	azul	157	modelos/mia/azul/mia-azul-1.jpg
mia	Azul	azul	157	modelos/mia/azul/mia-azul-2.jpg
mia	Azul	azul	157	modelos/mia/azul/mia-azul-3.jpg
mia	Azul	azul	157	modelos/mia/azul/mia-azul-4.jpg
mia	Azul	azul	157	modelos/mia/azul/mia-azul-5.jpg
mia	Azul	azul	157	modelos/mia/azul/mia-azul-6.jpg
mia	Azul	azul	157	modelos/mia/azul/mia-azul-7.jpg
mia	Azul	azul	157	modelos/mia/azul/mia-azul-8.jpg
mia	Azul	azul	157	modelos/mia/azul/mia-azul-9.jpg
mia	Azul	azul	157	modelos/mia/azul/mia-azul-10.jpg
mia	Azul	azul	157	modelos/mia/azul/mia-azul-11.jpg
mia	Azul	azul	157	modelos/mia/azul/mia-azul-12.jpg
mia	Violeta escuro	violeta-escuro	103	modelos/mia/violeta-escuro/mia-violeta-escuro-1.jpg
mia	Violeta escuro	violeta-escuro	103	modelos/mia/violeta-escuro/mia-violeta-escuro-2.jpg
mia	Violeta escuro	violeta-escuro	103	modelos/mia/violeta-escuro/mia-violeta-escuro-3.jpg
mia	Violeta escuro	violeta-escuro	103	modelos/mia/violeta-escuro/mia-violeta-escuro-4.jpg
mia	Violeta escuro	violeta-escuro	103	modelos/mia/violeta-escuro/mia-violeta-escuro-5.jpg
mia	Violeta escuro	violeta-escuro	103	modelos/mia/violeta-escuro/mia-violeta-escuro-6.jpg
mia	Violeta escuro	violeta-escuro	103	modelos/mia/violeta-escuro/mia-violeta-escuro-7.jpg
mia	Violeta escuro	violeta-escuro	103	modelos/mia/violeta-escuro/mia-violeta-escuro-8.jpg
mia	Violeta escuro	violeta-escuro	103	modelos/mia/violeta-escuro/mia-violeta-escuro-9.jpg
mia	Violeta escuro	violeta-escuro	103	modelos/mia/violeta-escuro/mia-violeta-escuro-10.jpg
mia	Violeta escuro	violeta-escuro	103	modelos/mia/violeta-escuro/mia-violeta-escuro-11.jpg
mia	Branco	branco	47	modelos/mia/branco/mia-branco-1.jpg
mia	Branco	branco	47	modelos/mia/branco/mia-branco-2.jpg
mia	Branco	branco	47	modelos/mia/branco/mia-branco-3.jpg
mia	Branco	branco	47	modelos/mia/branco/mia-branco-4.jpg
mia	Branco	branco	47	modelos/mia/branco/mia-branco-5.jpg
mia	Branco	branco	47	modelos/mia/branco/mia-branco-6.jpg
mia	Branco	branco	47	modelos/mia/branco/mia-branco-7.jpg
mia	Branco	branco	47	modelos/mia/branco/mia-branco-8.jpg
mia	Branco	branco	47	modelos/mia/branco/mia-branco-9.jpg
style	Preto	preto	171	modelos/style/preto/style-preto-1.jpg
mia	Branco	branco	47	modelos/mia/branco/mia-branco-10.jpg
style	Preto	preto	171	modelos/style/preto/style-preto-2.jpg
mia	Branco	branco	47	modelos/mia/branco/mia-branco-11.jpg
style	Preto	preto	171	modelos/style/preto/style-preto-3.jpg
mia	Branco	branco	47	modelos/mia/branco/mia-branco-12.jpg
style	Preto	preto	171	modelos/style/preto/style-preto-4.jpg
style	Preto	preto	171	modelos/style/preto/style-preto-5.jpg
style	Preto	preto	171	modelos/style/preto/style-preto-6.jpg
mia	Preto	preto	45	modelos/mia/preto/mia-preto-1.jpg
style	Preto	preto	171	modelos/style/preto/style-preto-7.jpg
mia	Preto	preto	45	modelos/mia/preto/mia-preto-2.jpg
mia	Preto	preto	45	modelos/mia/preto/mia-preto-3.jpg
style	Preto	preto	171	modelos/style/preto/style-preto-8.jpg
mia	Preto	preto	45	modelos/mia/preto/mia-preto-4.jpg
style	Preto	preto	171	modelos/style/preto/style-preto-9.jpg
mia	Preto	preto	45	modelos/mia/preto/mia-preto-5.jpg
style	Preto	preto	171	modelos/style/preto/style-preto-10.jpg
mia	Preto	preto	45	modelos/mia/preto/mia-preto-6.jpg
mia	Preto	preto	45	modelos/mia/preto/mia-preto-7.jpg
mia	Preto	preto	45	modelos/mia/preto/mia-preto-8.jpg
mia	Preto	preto	45	modelos/mia/preto/mia-preto-9.jpg
mia	Preto	preto	45	modelos/mia/preto/mia-preto-10.jpg
style	Cinza	cinza	169	modelos/style/cinza/style-cinza-1.jpg
mia	Preto	preto	45	modelos/mia/preto/mia-preto-11.jpg
style	Cinza	cinza	169	modelos/style/cinza/style-cinza-2.jpg
style	Cinza	cinza	169	modelos/style/cinza/style-cinza-3.jpg
style	Cinza	cinza	169	modelos/style/cinza/style-cinza-4.jpg
style	Cinza	cinza	169	modelos/style/cinza/style-cinza-5.jpg
style	Cinza	cinza	169	modelos/style/cinza/style-cinza-6.jpg
style	Cinza	cinza	169	modelos/style/cinza/style-cinza-7.jpg
style	Cinza	cinza	169	modelos/style/cinza/style-cinza-8.jpg
style	Cinza	cinza	169	modelos/style/cinza/style-cinza-9.jpg
style	Cinza	cinza	169	modelos/style/cinza/style-cinza-10.jpg
style	Cinza	cinza	169	modelos/style/cinza/style-cinza-11.jpg
style	Cinza	cinza	169	modelos/style/cinza/style-cinza-12.jpg
style	Cinza	cinza	169	modelos/style/cinza/style-cinza-13.jpg
style	Cinza	cinza	169	modelos/style/cinza/style-cinza-14.jpg
joy-super	Azul	azul	245	modelos/joy-super/azul/joy-super-azul-1.jpg
joy-super	Azul	azul	245	modelos/joy-super/azul/joy-super-azul-2.jpg
joy-super	Azul	azul	245	modelos/joy-super/azul/joy-super-azul-3.jpg
joy-super	Azul	azul	245	modelos/joy-super/azul/joy-super-azul-4.jpg
joy-super	Azul	azul	245	modelos/joy-super/azul/joy-super-azul-5.jpg
joy-super	Azul	azul	245	modelos/joy-super/azul/joy-super-azul-6.jpg
joy-super	Azul	azul	245	modelos/joy-super/azul/joy-super-azul-7.jpg
joy-super	Vermelho	vermelho	165	modelos/joy-super/vermelho/joy-super-vermelho-1.jpg
joy-super	Vermelho	vermelho	165	modelos/joy-super/vermelho/joy-super-vermelho-2.jpg
joy-super	Vermelho	vermelho	165	modelos/joy-super/vermelho/joy-super-vermelho-3.jpg
joy-super	Vermelho	vermelho	165	modelos/joy-super/vermelho/joy-super-vermelho-4.jpg
joy-super	Vermelho	vermelho	165	modelos/joy-super/vermelho/joy-super-vermelho-5.jpg
joy-super	Vermelho	vermelho	165	modelos/joy-super/vermelho/joy-super-vermelho-6.jpg
joy-super	Vermelho	vermelho	165	modelos/joy-super/vermelho/joy-super-vermelho-7.jpg
joy-super	Cinza	cinza	77	modelos/joy-super/cinza/joy-super-cinza-1.jpg
joy-super	Cinza	cinza	77	modelos/joy-super/cinza/joy-super-cinza-2.jpg
joy-super	Cinza	cinza	77	modelos/joy-super/cinza/joy-super-cinza-3.jpg
joy-super	Cinza	cinza	77	modelos/joy-super/cinza/joy-super-cinza-4.jpg
joy-super	Cinza	cinza	77	modelos/joy-super/cinza/joy-super-cinza-5.jpg
joy-super	Cinza	cinza	77	modelos/joy-super/cinza/joy-super-cinza-6.jpg
joy-super	Cinza	cinza	77	modelos/joy-super/cinza/joy-super-cinza-7.jpg
joy-super	Branco	branco	75	modelos/joy-super/branco/joy-super-branco-1.jpg
joy-super	Branco	branco	75	modelos/joy-super/branco/joy-super-branco-2.jpg
joy-super	Branco	branco	75	modelos/joy-super/branco/joy-super-branco-3.jpg
joy-super	Branco	branco	75	modelos/joy-super/branco/joy-super-branco-4.jpg
joy-super	Branco	branco	75	modelos/joy-super/branco/joy-super-branco-5.jpg
joy-super	Branco	branco	75	modelos/joy-super/branco/joy-super-branco-6.jpg
joy-super	Preto	preto	23	modelos/joy-super/preto/joy-super-preto-1.jpg
joy-super	Preto	preto	23	modelos/joy-super/preto/joy-super-preto-2.jpg
joy-super	Preto	preto	23	modelos/joy-super/preto/joy-super-preto-3.jpg
joy-super	Preto	preto	23	modelos/joy-super/preto/joy-super-preto-4.jpg
joy-super	Preto	preto	23	modelos/joy-super/preto/joy-super-preto-5.jpg
joy-super	Preto	preto	23	modelos/joy-super/preto/joy-super-preto-6.jpg
joy-super	Preto	preto	23	modelos/joy-super/preto/joy-super-preto-7.jpg
giga	Preto	preto	311	modelos/giga/preto/giga-preto-1.jpg
giga	Preto	preto	311	modelos/giga/preto/giga-preto-2.jpg
giga	Preto	preto	311	modelos/giga/preto/giga-preto-3.jpg
giga	Preto	preto	311	modelos/giga/preto/giga-preto-4.jpg
giga	Preto	preto	311	modelos/giga/preto/giga-preto-5.jpg
giga	Preto	preto	311	modelos/giga/preto/giga-preto-6.jpg
giga	Preto	preto	311	modelos/giga/preto/giga-preto-7.jpg
giga	Preto	preto	311	modelos/giga/preto/giga-preto-8.jpg
giga	Azul	azul	313	modelos/giga/azul/giga-azul-1.jpg
giga	Azul	azul	313	modelos/giga/azul/giga-azul-2.jpg
giga	Azul	azul	313	modelos/giga/azul/giga-azul-3.jpg
giga	Azul	azul	313	modelos/giga/azul/giga-azul-4.jpg
giga	Azul	azul	313	modelos/giga/azul/giga-azul-5.jpg
giga	Azul	azul	313	modelos/giga/azul/giga-azul-6.jpg
giga	Azul	azul	313	modelos/giga/azul/giga-azul-7.jpg
giga	Azul	azul	313	modelos/giga/azul/giga-azul-8.jpg
giga	Cinza	cinza	315	modelos/giga/cinza/giga-cinza-1.jpg
giga	Cinza	cinza	315	modelos/giga/cinza/giga-cinza-2.jpg
giga	Cinza	cinza	315	modelos/giga/cinza/giga-cinza-3.jpg
giga	Cinza	cinza	315	modelos/giga/cinza/giga-cinza-4.jpg
giga	Cinza	cinza	315	modelos/giga/cinza/giga-cinza-5.jpg
giga	Cinza	cinza	315	modelos/giga/cinza/giga-cinza-6.jpg
giga	Cinza	cinza	315	modelos/giga/cinza/giga-cinza-7.jpg
giga	Cinza	cinza	315	modelos/giga/cinza/giga-cinza-8.jpg
roma	Preta	preto	111	modelos/roma/preto/roma-preto-1.jpg
roma	Preta	preto	111	modelos/roma/preto/roma-preto-2.jpg
roma	Preta	preto	111	modelos/roma/preto/roma-preto-3.jpg
roma	Preta	preto	111	modelos/roma/preto/roma-preto-4.jpg
roma	Preta	preto	111	modelos/roma/preto/roma-preto-5.jpg
roma	Preta	preto	111	modelos/roma/preto/roma-preto-6.jpg
roma	Branco Creme	creme	109	modelos/roma/creme/roma-creme-1.jpg
roma	Branco Creme	creme	109	modelos/roma/creme/roma-creme-2.jpg
roma	Branco Creme	creme	109	modelos/roma/creme/roma-creme-3.jpg
roma	Branco Creme	creme	109	modelos/roma/creme/roma-creme-4.jpg
roma	Branco Creme	creme	109	modelos/roma/creme/roma-creme-5.jpg
roma	Branco Creme	creme	109	modelos/roma/creme/roma-creme-6.jpg
roma	Branco Creme	creme	109	modelos/roma/creme/roma-creme-7.jpg
roma	Azul Retro	azul-retro	107	modelos/roma/azul-retro/roma-azul-retro-1.jpg
roma	Azul Retro	azul-retro	107	modelos/roma/azul-retro/roma-azul-retro-2.jpg
roma	Azul Retro	azul-retro	107	modelos/roma/azul-retro/roma-azul-retro-3.jpg
roma	Azul Retro	azul-retro	107	modelos/roma/azul-retro/roma-azul-retro-4.jpg
roma	Azul Retro	azul-retro	107	modelos/roma/azul-retro/roma-azul-retro-5.jpg
roma	Azul Retro	azul-retro	107	modelos/roma/azul-retro/roma-azul-retro-6.jpg
